﻿{"cameraMode":{"drawMode":0,"name":"Shaded","section":"Shading Mode"},"sceneLighting":false,"audioPlay":false,"sceneViewState":{"m_AlwaysRefresh":true,"showFog":true,"showSkybox":false,"showFlares":true,"showImageEffects":true,"showParticleSystems":true,"showVisualEffectGraphs":true,"m_FxEnabled":true},"in2DMode":false,"pivot":{"x":-0.25127410888671877,"y":-1.8012275695800782,"z":1.5123405456542969},"rotation":{"x":-0.07109110802412033,"y":0.17767612636089326,"z":-0.01287014503031969,"w":-0.9814344048500061},"size":0.6123724579811096,"orthographic":false}