﻿{"cameraMode":{"drawMode":0,"name":"Shaded","section":"Shading Mode"},"sceneLighting":true,"audioPlay":false,"sceneViewState":{"m_AlwaysRefresh":true,"showFog":true,"showSkybox":true,"showFlares":true,"showImageEffects":true,"showParticleSystems":true,"showVisualEffectGraphs":true,"m_FxEnabled":true},"in2DMode":false,"pivot":{"x":80.0,"y":15.0,"z":0.0},"rotation":{"x":-0.09728774428367615,"y":0.6781517267227173,"z":-0.09128876030445099,"w":-0.7227149605751038},"size":81.39410400390625,"orthographic":false}