﻿{"cameraMode":{"drawMode":0,"name":"Shaded","section":"Shading Mode"},"sceneLighting":false,"audioPlay":false,"sceneViewState":{"m_AlwaysRefresh":true,"showFog":true,"showSkybox":false,"showFlares":true,"showImageEffects":true,"showParticleSystems":true,"showVisualEffectGraphs":true,"m_FxEnabled":true},"in2DMode":false,"pivot":{"x":2.1287689208984377,"y":-1.73919677734375,"z":-1.4207818508148194},"rotation":{"x":0.24787840247154237,"y":0.00871898140758276,"z":-0.0022309657651931049,"w":0.9687493443489075},"size":0.8660253882408142,"orthographic":false}